{
  "project_info": {
    "project_number": "1018140583704",
    "firebase_url": "https://proyectomoviles-80e2f-default-rtdb.firebaseio.com",
    "project_id": "proyectomoviles-80e2f",
    "storage_bucket": "proyectomoviles-80e2f.appspot.com"
  },
  "client": [
    {
      "client_info": {
        "mobilesdk_app_id": "1:1018140583704:android:a851eb6fe461fc2e86e06d",
        "android_client_info": {
          "package_name": "co.edu.unab.srugeles435.proyectomoviles"
        }
      },
      "oauth_client": [
        {
          "client_id": "1018140583704-rot88jc0n0ogj2hpha5rb2gvg2qrh835.apps.googleusercontent.com",
          "client_type": 3
        }
      ],
      "api_key": [
        {
          "current_key": "AIzaSyDBEZ6DK8Wu1BOO2lWuwtAfYCmy7VDrz7U"
        }
      ],
      "services": {
        "appinvite_service": {
          "other_platform_oauth_client": [
            {
              "client_id": "1018140583704-rot88jc0n0ogj2hpha5rb2gvg2qrh835.apps.googleusercontent.com",
              "client_type": 3
            }
          ]
        }
      }
    },
    {
      "client_info": {
        "mobilesdk_app_id": "1:1018140583704:android:810b575febe2f37986e06d",
        "android_client_info": {
          "package_name": "com.blogapp.aws.movieuitemplate"
        }
      },
      "oauth_client": [
        {
          "client_id": "1018140583704-rot88jc0n0ogj2hpha5rb2gvg2qrh835.apps.googleusercontent.com",
          "client_type": 3
        }
      ],
      "api_key": [
        {
          "current_key": "AIzaSyDBEZ6DK8Wu1BOO2lWuwtAfYCmy7VDrz7U"
        }
      ],
      "services": {
        "appinvite_service": {
          "other_platform_oauth_client": [
            {
              "client_id": "1018140583704-rot88jc0n0ogj2hpha5rb2gvg2qrh835.apps.googleusercontent.com",
              "client_type": 3
            }
          ]
        }
      }
    }
  ],
  "configuration_version": "1"
}